날짜,포트폴리오 이름,캠페인 유형,캠페인 이름,리테일러,국가,상태,통화,예산,타겟팅 유형,입찰 전략,광고 노출 수,작년 광고 노출 수,클릭수,작년 클릭 수,CTR(클릭률),지출,작년 지출,클릭당 비용(CPC),작년 클릭당 비용(CPC),7일 총 주문(건수),"총 판매 광고 비용(ACOS) ",총 광고 수익률(ROAS),"7일 총 판매 "
"Jun 01, 2026",Monthly_ON,Sponsored Products,SP_Auto_All_260601,Amazon,미국,ENABLED,USD,$33.0,자동 타겟팅,동적 입찰액 - 감액 전용,26564,,133,,0.501%,$136.03,,$1.022782,$0.0,19,47.404%,2.11,$286.96
"Jun 01, 2026",Monthly_ON,Sponsored Products,SP_Keyword_260601,Amazon,미국,ENABLED,USD,$42.0,수동 타겟팅,동적 입찰액 - 감액 전용,1435,,33,,2.3%,$43.44,,$1.3163635999999999,$0.0,11,20.935000000000002%,4.78,$207.5
"Jun 01, 2026",Monthly_ON,Sponsored Products,SP_Defence_260601,Amazon,미국,PAUSED,USD,$44.0,자동 타겟팅,동적 입찰액 - 감액 전용,3099,,30,,0.968%,$42.2,,$1.4066667000000002,$0.0,3,103.43100000000001%,0.97,$40.8
"Jun 02, 2026",Monthly_ON,Sponsored Products,SP_Keyword_260601,Amazon,미국,ENABLED,USD,$42.0,수동 타겟팅,동적 입찰액 - 감액 전용,3066,,56,,1.8259999999999998%,$42.23,,$0.7541070999999999,$0.0,15,15.306000000000001%,6.53,$275.9
"Jun 02, 2026",Monthly_ON,Sponsored Products,SP_Auto_All_260601,Amazon,미국,ENABLED,USD,$33.0,자동 타겟팅,동적 입찰액 - 감액 전용,18198,,103,,0.5660000000000001%,$59.74,,$0.58,$0.0,17,25.085%,3.99,$238.15
"Jun 02, 2026",Monthly_ON,Sponsored Products,SP_Defence_260601,Amazon,미국,PAUSED,USD,$44.0,자동 타겟팅,동적 입찰액 - 감액 전용,9207,,54,,0.587%,$37.56,,$0.6955556,$0.0,7,37.485%,2.67,$100.2
"Jun 02, 2026",Monthly_ON,Sponsored Products,SP_Auto_New_260601,Amazon,미국,PAUSED,USD,$20.1,자동 타겟팅,동적 입찰액 - 감액 전용,1259,,15,,1.191%,$9.81,,$0.654,$0.0,1,57.706%,1.73,$17.0
"Jun 03, 2026",Monthly_ON,Sponsored Products,SP_Keyword_260601,Amazon,미국,ENABLED,USD,$42.0,수동 타겟팅,동적 입찰액 - 감액 전용,9401,,69,,0.734%,$295.57,,$4.2836232,$0.0,14,108.271%,0.92,$272.99
"Jun 03, 2026",Monthly_ON,Sponsored Products,SP_Auto_New_260601,Amazon,미국,PAUSED,USD,$20.1,자동 타겟팅,동적 입찰액 - 감액 전용,3149,,31,,0.984%,$21.91,,$0.7067742,$0.0,2,57.658%,1.73,$38.0
"Jun 03, 2026",Monthly_ON,Sponsored Products,SP_Auto_All_260601,Amazon,미국,ENABLED,USD,$33.0,자동 타겟팅,동적 입찰액 - 감액 전용,24389,,126,,0.517%,$73.53,,$0.5835714,$0.0,17,31.202999999999996%,3.2,$235.65
"Jun 03, 2026",Monthly_ON,Sponsored Products,SP_Defence_260601,Amazon,미국,PAUSED,USD,$44.0,자동 타겟팅,동적 입찰액 - 감액 전용,18578,,109,,0.587%,$79.54,,$0.7297248000000001,$0.0,22,23.383000000000003%,4.28,$340.16
"Jun 04, 2026",Monthly_ON,Sponsored Products,SP_Auto_New_260601,Amazon,미국,PAUSED,USD,$20.1,자동 타겟팅,동적 입찰액 - 감액 전용,3121,,47,,1.506%,$31.24,,$0.6646809,$0.0,11,16.644000000000002%,6.01,$187.7
"Jun 04, 2026",Monthly_ON,Sponsored Products,SP_Keyword_260601,Amazon,미국,ENABLED,USD,$42.0,수동 타겟팅,동적 입찰액 - 감액 전용,7135,,28,,0.392%,$131.17,,$4.6846429,$0.0,3,171.017%,0.58,$76.7
"Jun 04, 2026",Monthly_ON,Sponsored Products,SP_Auto_All_260601,Amazon,미국,ENABLED,USD,$33.0,자동 타겟팅,동적 입찰액 - 감액 전용,18371,,104,,0.5660000000000001%,$61.11,,$0.5875962,$0.0,14,35.343999999999994%,2.83,$172.9
"Jun 04, 2026",Monthly_ON,Sponsored Products,SP_Defence_260601,Amazon,미국,PAUSED,USD,$44.0,자동 타겟팅,동적 입찰액 - 감액 전용,12766,,58,,0.45399999999999996%,$13.33,,$0.2298276,$0.0,8,10.856%,9.21,$122.79
"Jun 05, 2026",Monthly_ON,Sponsored Products,SP_Defence_260601,Amazon,미국,PAUSED,USD,$44.0,자동 타겟팅,동적 입찰액 - 감액 전용,15255,,55,,0.361%,$13.02,,$0.2367273,$0.0,9,11.292%,8.86,$115.3
"Jun 05, 2026",Monthly_ON,Sponsored Products,SP_Keyword_260601,Amazon,미국,ENABLED,USD,$42.0,수동 타겟팅,동적 입찰액 - 감액 전용,11303,,37,,0.327%,$137.46,,$3.7151351,$0.0,5,99.82600000000001%,1.0,$137.7
"Jun 05, 2026",Monthly_ON,Sponsored Products,SP_Auto_New_260601,Amazon,미국,PAUSED,USD,$20.1,자동 타겟팅,동적 입찰액 - 감액 전용,2282,,18,,0.7889999999999999%,$11.58,,$0.6433333,$0.0,2,32.167%,3.11,$36.0
"Jun 05, 2026",Monthly_ON,Sponsored Products,SP_Auto_All_260601,Amazon,미국,ENABLED,USD,$33.0,자동 타겟팅,동적 입찰액 - 감액 전용,31956,,217,,0.679%,$127.71,,$0.5885253,$0.0,26,34.510999999999996%,2.9,$370.06
"Jun 06, 2026",Monthly_ON,Sponsored Products,SP_Auto_All_260601,Amazon,미국,ENABLED,USD,$33.0,자동 타겟팅,동적 입찰액 - 감액 전용,29763,,219,,0.736%,$133.3,,$0.6086758,$0.0,26,33.614%,2.97,$396.56
"Jun 06, 2026",Monthly_ON,Sponsored Products,SP_Auto_New_260601,Amazon,미국,PAUSED,USD,$20.1,자동 타겟팅,동적 입찰액 - 감액 전용,4406,,33,,0.749%,$20.8,,$0.630303,$0.0,1,148.571%,0.67,$14.0
"Jun 06, 2026",Monthly_ON,Sponsored Products,SP_Keyword_260601,Amazon,미국,ENABLED,USD,$42.0,수동 타겟팅,동적 입찰액 - 감액 전용,5588,,31,,0.555%,$145.13,,$4.6816129,$0.0,2,316.187%,0.32,$45.9
"Jun 06, 2026",Monthly_ON,Sponsored Products,SP_Defence_260601,Amazon,미국,PAUSED,USD,$44.0,자동 타겟팅,동적 입찰액 - 감액 전용,16885,,356,,2.108%,$83.94,,$0.2357865,$0.0,79,7.074%,14.14,$1186.58
"Jun 07, 2026",Monthly_ON,Sponsored Products,SP_Auto_New_260601,Amazon,미국,PAUSED,USD,$20.1,자동 타겟팅,동적 입찰액 - 감액 전용,4441,,75,,1.6889999999999998%,$45.26,,$0.6034667,$0.0,10,27.672%,3.61,$163.56
"Jun 07, 2026",Monthly_ON,Sponsored Products,SP_Defence_260601,Amazon,미국,PAUSED,USD,$44.0,자동 타겟팅,동적 입찰액 - 감액 전용,14089,,187,,1.327%,$42.03,,$0.22475940000000003,$0.0,55,4.97%,20.12,$845.7
"Jun 07, 2026",Monthly_ON,Sponsored Products,SP_Keyword_260601,Amazon,미국,ENABLED,USD,$42.0,수동 타겟팅,동적 입찰액 - 감액 전용,5828,,81,,1.39%,$142.54,,$1.7597531000000002,$0.0,17,50.483%,1.98,$282.35
"Jun 07, 2026",Monthly_ON,Sponsored Products,SP_Auto_All_260601,Amazon,미국,ENABLED,USD,$33.0,자동 타겟팅,동적 입찰액 - 감액 전용,8128,,168,,2.067%,$104.71,,$0.6232738,$0.0,35,20.236%,4.94,$517.44
"Jun 08, 2026",Monthly_ON,Sponsored Products,SP_Defence_260601,Amazon,미국,PAUSED,USD,$44.0,자동 타겟팅,동적 입찰액 - 감액 전용,10654,,152,,1.427%,$34.94,,$0.2298684,$0.0,36,5.632000000000001%,17.75,$620.35
"Jun 08, 2026",Monthly_ON,Sponsored Products,SP_Keyword_260601,Amazon,미국,ENABLED,USD,$42.0,수동 타겟팅,동적 입찰액 - 감액 전용,7959,,114,,1.432%,$147.09,,$1.2902632,$0.0,28,31.871%,3.14,$461.52
"Jun 08, 2026",Monthly_ON,Sponsored Products,SP_Auto_New_260601,Amazon,미국,PAUSED,USD,$20.1,자동 타겟팅,동적 입찰액 - 감액 전용,3227,,42,,1.302%,$26.25,,$0.625,$0.0,4,36.529%,2.74,$71.86
"Jun 08, 2026",Monthly_ON,Sponsored Products,SP_Auto_All_260601,Amazon,미국,ENABLED,USD,$33.0,자동 타겟팅,동적 입찰액 - 감액 전용,6592,,128,,1.942%,$79.84,,$0.62375,$0.0,16,37.875%,2.64,$210.8
"Jun 09, 2026",Monthly_ON,Sponsored Products,SP_Keyword_260601,Amazon,미국,ENABLED,USD,$42.0,수동 타겟팅,동적 입찰액 - 감액 전용,2025,,113,,5.58%,$37.88,,$0.3352212,$0.0,14,20.298%,4.93,$186.62
"Jun 09, 2026",Monthly_ON,Sponsored Products,SP_Defence_260601,Amazon,미국,PAUSED,USD,$44.0,자동 타겟팅,동적 입찰액 - 감액 전용,9350,,161,,1.722%,$47.39,,$0.2943478,$0.0,32,10.972999999999999%,9.11,$431.88
"Jun 09, 2026",Monthly_ON,Sponsored Products,SP_Auto_New_260601,Amazon,미국,PAUSED,USD,$20.1,자동 타겟팅,동적 입찰액 - 감액 전용,3638,,93,,2.556%,$147.03,,$1.5809677,$0.0,0,0.0%,0.0,$0.0
"Jun 09, 2026",Monthly_ON,Sponsored Products,SP_Auto_All_260601,Amazon,미국,ENABLED,USD,$33.0,자동 타겟팅,동적 입찰액 - 감액 전용,2268,,109,,4.806%,$16.09,,$0.1476147,$0.0,24,4.797%,20.85,$335.43
"Jun 10, 2026",Monthly_ON,Sponsored Products,SP_Auto_New_260601,Amazon,미국,PAUSED,USD,$20.1,자동 타겟팅,동적 입찰액 - 감액 전용,1312,,26,,1.982%,$88.09,,$3.3880768999999997,$0.0,0,0.0%,0.0,$0.0
"Jun 10, 2026",Monthly_ON,Sponsored Products,SP_Keyword_260601,Amazon,미국,ENABLED,USD,$42.0,수동 타겟팅,동적 입찰액 - 감액 전용,3231,,129,,3.993%,$42.79,,$0.33170540000000004,$0.0,24,12.584000000000001%,7.95,$340.04
"Jun 10, 2026",Monthly_ON,Sponsored Products,SP_Defence_260601,Amazon,미국,PAUSED,USD,$44.0,자동 타겟팅,동적 입찰액 - 감액 전용,1005,,42,,4.179%,$40.06,,$0.9538095,$0.0,3,99.776%,1.0,$40.15
"Jun 10, 2026",Monthly_ON,Sponsored Products,SP_Auto_All_260601,Amazon,미국,ENABLED,USD,$33.0,자동 타겟팅,동적 입찰액 - 감액 전용,7115,,158,,2.221%,$24.14,,$0.1527848,$0.0,26,7.158%,13.97,$337.24
"Jun 11, 2026",Monthly_ON,Sponsored Products,SP_Auto_All_260601,Amazon,미국,ENABLED,USD,$33.0,자동 타겟팅,동적 입찰액 - 감액 전용,13995,,313,,2.237%,$63.25,,$0.2020767,$0.0,50,8.459%,11.82,$747.69
"Jun 11, 2026",Monthly_ON,Sponsored Products,SP_Keyword_260601,Amazon,미국,ENABLED,USD,$42.0,수동 타겟팅,동적 입찰액 - 감액 전용,4001,,126,,3.1489999999999996%,$39.17,,$0.310873,$0.0,25,11.19%,8.94,$350.04
"Jun 11, 2026",Monthly_ON,Sponsored Products,SP_Defence_260601,Amazon,미국,PAUSED,USD,$44.0,자동 타겟팅,동적 입찰액 - 감액 전용,3731,,39,,1.045%,$7.11,,$0.1823077,$0.0,4,19.533%,5.12,$36.4
"Jun 11, 2026",Monthly_ON,Sponsored Products,SP_Auto_New_260601,Amazon,미국,PAUSED,USD,$20.1,자동 타겟팅,동적 입찰액 - 감액 전용,2811,,43,,1.53%,$29.07,,$0.6760465000000001,$0.0,5,26.168000000000003%,3.82,$111.09
"Jun 11, 2026",Monthly_ON,Sponsored Products,SP_Competitor_260601,Amazon,미국,ENABLED,USD,$8.0,수동 타겟팅,동적 입찰액 - 감액 전용,289,,3,,1.038%,$3.2,,$1.0666666999999999,$0.0,0,0.0%,0.0,$0.0
"Jun 12, 2026",Monthly_ON,Sponsored Products,SP_Keyword_260601,Amazon,미국,ENABLED,USD,$42.0,수동 타겟팅,동적 입찰액 - 감액 전용,3603,,85,,2.359%,$26.83,,$0.3156471,$0.0,15,10.184%,9.82,$263.45
"Jun 12, 2026",Monthly_ON,Sponsored Products,SP_Competitor_260601,Amazon,미국,ENABLED,USD,$8.0,수동 타겟팅,동적 입찰액 - 감액 전용,874,,19,,2.174%,$18.69,,$0.9836842,$0.0,6,31.465%,3.18,$59.4
"Jun 12, 2026",Monthly_ON,Sponsored Products,SP_Auto_New_260601,Amazon,미국,PAUSED,USD,$20.1,자동 타겟팅,동적 입찰액 - 감액 전용,5496,,51,,0.928%,$37.57,,$0.7366667,$0.0,3,48.167%,2.08,$78.0
"Jun 12, 2026",Monthly_ON,Sponsored Products,SP_Defence_260601,Amazon,미국,PAUSED,USD,$44.0,자동 타겟팅,동적 입찰액 - 감액 전용,5824,,71,,1.2189999999999999%,$13.48,,$0.1898592,$0.0,12,6.808%,14.69,$197.99
"Jun 12, 2026",Monthly_ON,Sponsored Products,SP_Auto_All_260601,Amazon,미국,ENABLED,USD,$33.0,자동 타겟팅,동적 입찰액 - 감액 전용,15553,,324,,2.083%,$71.2,,$0.2197531,$0.0,47,9.673%,10.34,$736.07
"Jun 13, 2026",Monthly_ON,Sponsored Products,SP_Keyword_260601,Amazon,미국,ENABLED,USD,$42.0,수동 타겟팅,동적 입찰액 - 감액 전용,4230,,100,,2.3640000000000003%,$32.3,,$0.32299999999999995,$0.0,7,39.995000000000005%,2.5,$80.76
"Jun 13, 2026",Monthly_ON,Sponsored Products,SP_Competitor_260601,Amazon,미국,ENABLED,USD,$8.0,수동 타겟팅,동적 입찰액 - 감액 전용,452,,5,,1.106%,$5.21,,$1.042,$0.0,1,58.538999999999994%,1.71,$8.9
"Jun 13, 2026",Monthly_ON,Sponsored Products,SP_Defence_260601,Amazon,미국,PAUSED,USD,$44.0,자동 타겟팅,동적 입찰액 - 감액 전용,6801,,82,,1.206%,$15.15,,$0.1847561,$0.0,5,25.852999999999998%,3.87,$58.6
"Jun 13, 2026",Monthly_ON,Sponsored Products,SP_Auto_New_260601,Amazon,미국,PAUSED,USD,$20.1,자동 타겟팅,동적 입찰액 - 감액 전용,5994,,60,,1.001%,$43.82,,$0.7303333000000001,$0.0,5,52.354%,1.91,$83.7
"Jun 13, 2026",Monthly_ON,Sponsored Products,SP_Auto_All_260601,Amazon,미국,ENABLED,USD,$33.0,자동 타겟팅,동적 입찰액 - 감액 전용,18620,,438,,2.352%,$98.37,,$0.224589,$0.0,61,12.014%,8.32,$818.81
"Jun 14, 2026",Monthly_ON,Sponsored Products,SP_Competitor_260601,Amazon,미국,ENABLED,USD,$8.0,수동 타겟팅,동적 입찰액 - 감액 전용,131,,3,,2.29%,$3.2,,$1.0666666999999999,$0.0,0,0.0%,0.0,$0.0
"Jun 14, 2026",Monthly_ON,Sponsored Products,SP_Keyword_260601,Amazon,미국,ENABLED,USD,$42.0,수동 타겟팅,동적 입찰액 - 감액 전용,4475,,96,,2.145%,$30.74,,$0.32020829999999995,$0.0,17,12.915%,7.74,$238.02
"Jun 14, 2026",Monthly_ON,Sponsored Products,SP_Auto_New_260601,Amazon,미국,PAUSED,USD,$20.1,자동 타겟팅,동적 입찰액 - 감액 전용,6086,,97,,1.5939999999999999%,$70.73,,$0.7291753,$0.0,17,25.014999999999997%,4.0,$282.75
"Jun 14, 2026",Monthly_ON,Sponsored Products,SP_Defence_260601,Amazon,미국,PAUSED,USD,$44.0,자동 타겟팅,동적 입찰액 - 감액 전용,6918,,64,,0.9249999999999999%,$11.94,,$0.1865625,$0.0,11,9.11%,10.98,$131.06
"Jun 14, 2026",Monthly_ON,Sponsored Products,SP_Auto_All_260601,Amazon,미국,ENABLED,USD,$33.0,자동 타겟팅,동적 입찰액 - 감액 전용,22449,,401,,1.786%,$91.99,,$0.22940149999999998,$0.0,56,11.862%,8.43,$775.53
"Jun 15, 2026",Monthly_ON,Sponsored Products,SP_Auto_New_260601,Amazon,미국,PAUSED,USD,$20.1,자동 타겟팅,동적 입찰액 - 감액 전용,6176,,57,,0.923%,$38.6,,$0.677193,$0.0,2,129.097%,0.77,$29.9
"Jun 15, 2026",Monthly_ON,Sponsored Products,SP_Defence_260601,Amazon,미국,PAUSED,USD,$44.0,자동 타겟팅,동적 입찰액 - 감액 전용,4108,,92,,2.2399999999999998%,$22.57,,$0.2453261,$0.0,11,15.326999999999998%,6.52,$147.26
"Jun 15, 2026",Monthly_ON,Sponsored Products,SP_Competitor_260601,Amazon,미국,ENABLED,USD,$8.0,수동 타겟팅,동적 입찰액 - 감액 전용,670,,3,,0.44799999999999995%,$2.08,,$0.6933333,$0.0,1,10.452%,9.57,$19.9
"Jun 15, 2026",Monthly_ON,Sponsored Products,SP_Auto_All_260601,Amazon,미국,ENABLED,USD,$33.0,자동 타겟팅,동적 입찰액 - 감액 전용,41869,,516,,1.232%,$149.19,,$0.2891279,$0.0,59,16.973%,5.89,$878.99
"Jun 15, 2026",Monthly_ON,Sponsored Products,SP_Keyword_260601,Amazon,미국,ENABLED,USD,$42.0,수동 타겟팅,동적 입찰액 - 감액 전용,7316,,166,,2.2689999999999997%,$74.94,,$0.45144579999999995,$0.0,29,14.523%,6.89,$516.0
"Jun 16, 2026",Monthly_ON,Sponsored Products,SP_Keyword_260601,Amazon,미국,ENABLED,USD,$42.0,수동 타겟팅,동적 입찰액 - 감액 전용,6228,,121,,1.9429999999999998%,$49.32,,$0.40760330000000006,$0.0,21,14.268%,7.01,$345.66
"Jun 16, 2026",Monthly_ON,Sponsored Products,SP_Auto_All_260601,Amazon,미국,ENABLED,USD,$33.0,자동 타겟팅,동적 입찰액 - 감액 전용,5354,,80,,1.494%,$7.71,,$0.09637499999999999,$0.0,12,4.216%,23.72,$182.86
"Jun 16, 2026",Monthly_ON,Sponsored Products,SP_Auto_New_260601,Amazon,미국,PAUSED,USD,$20.1,자동 타겟팅,동적 입찰액 - 감액 전용,3302,,31,,0.9390000000000001%,$22.08,,$0.7122581,$0.0,4,41.117%,2.43,$53.7
"Jun 16, 2026",Monthly_ON,Sponsored Products,SP_Competitor_260601,Amazon,미국,ENABLED,USD,$8.0,수동 타겟팅,동적 입찰액 - 감액 전용,16174,,119,,0.736%,$98.32,,$0.8262185,$0.0,9,80.379%,1.24,$122.32
"Jun 16, 2026",Monthly_ON,Sponsored Products,SP_Defence_260601,Amazon,미국,PAUSED,USD,$44.0,자동 타겟팅,동적 입찰액 - 감액 전용,15277,,240,,1.5709999999999997%,$59.59,,$0.2482917,$0.0,36,12.304%,8.13,$484.33
"Jun 17, 2026",Monthly_ON,Sponsored Products,SP_Auto_New_260601,Amazon,미국,PAUSED,USD,$20.1,자동 타겟팅,동적 입찰액 - 감액 전용,113,,0,,0.0%,$0.0,,$0.0,$0.0,0,0.0%,0.0,$0.0
"Jun 17, 2026",Monthly_ON,Sponsored Products,SP_Keyword_260601,Amazon,미국,ENABLED,USD,$42.0,수동 타겟팅,동적 입찰액 - 감액 전용,4961,,105,,2.117%,$33.88,,$0.3226667,$0.0,20,11.774999999999999%,8.49,$287.72
"Jun 17, 2026",Monthly_ON,Sponsored Products,SP_Auto_All_260601,Amazon,미국,ENABLED,USD,$33.0,자동 타겟팅,동적 입찰액 - 감액 전용,4117,,106,,2.5749999999999997%,$10.92,,$0.1030189,$0.0,15,4.714%,21.21,$231.65
"Jun 17, 2026",Monthly_ON,Sponsored Products,SP_Competitor_260601,Amazon,미국,ENABLED,USD,$8.0,수동 타겟팅,동적 입찰액 - 감액 전용,6,,0,,0.0%,$0.0,,$0.0,$0.0,0,0.0%,0.0,$0.0
"Jun 17, 2026",Monthly_ON,Sponsored Products,SP_Defence_260601,Amazon,미국,PAUSED,USD,$44.0,자동 타겟팅,동적 입찰액 - 감액 전용,19426,,311,,1.601%,$73.18,,$0.23530550000000003,$0.0,49,10.834000000000001%,9.23,$675.48
"Jun 18, 2026",Monthly_ON,Sponsored Products,SP_Competitor_260601,Amazon,미국,ENABLED,USD,$8.0,수동 타겟팅,동적 입찰액 - 감액 전용,215,,6,,2.791%,$1.2,,$0.2,$0.0,0,0.0%,0.0,$0.0
"Jun 18, 2026",Monthly_ON,Sponsored Products,SP_Keyword_260601,Amazon,미국,ENABLED,USD,$42.0,수동 타겟팅,동적 입찰액 - 감액 전용,4434,,82,,1.849%,$26.63,,$0.32475610000000005,$0.0,12,17.376%,5.76,$153.26
"Jun 18, 2026",Monthly_ON,Sponsored Products,SP_Defence_260601,Amazon,미국,PAUSED,USD,$44.0,자동 타겟팅,동적 입찰액 - 감액 전용,18406,,184,,1.0%,$34.47,,$0.18733699999999998,$0.0,28,9.439%,10.59,$365.19
"Jun 18, 2026",Monthly_ON,Sponsored Products,SP_Auto_All_260601,Amazon,미국,ENABLED,USD,$33.0,자동 타겟팅,동적 입찰액 - 감액 전용,3600,,99,,2.75%,$10.1,,$0.10202019999999999,$0.0,15,3.936%,25.41,$256.62
"Jun 18, 2026",Monthly_ON,Sponsored Products,SP_Auto_New_260601,Amazon,미국,PAUSED,USD,$20.1,자동 타겟팅,동적 입찰액 - 감액 전용,56,,0,,0.0%,$0.0,,$0.0,$0.0,0,0.0%,0.0,$0.0
"Jun 19, 2026",Monthly_ON,Sponsored Products,SP_Auto_New_260601,Amazon,미국,PAUSED,USD,$20.1,자동 타겟팅,동적 입찰액 - 감액 전용,45,,0,,0.0%,$0.0,,$0.0,$0.0,0,0.0%,0.0,$0.0
"Jun 19, 2026",Monthly_ON,Sponsored Products,SP_Defence_260601,Amazon,미국,PAUSED,USD,$44.0,자동 타겟팅,동적 입찰액 - 감액 전용,20568,,189,,0.919%,$35.6,,$0.1883598,$0.0,25,10.652000000000001%,9.39,$334.22
"Jun 19, 2026",Monthly_ON,Sponsored Products,SP_Keyword_260601,Amazon,미국,ENABLED,USD,$42.0,수동 타겟팅,동적 입찰액 - 감액 전용,3689,,52,,1.41%,$15.92,,$0.3061538,$0.0,9,16.031000000000002%,6.24,$99.31
"Jun 19, 2026",Monthly_ON,Sponsored Products,SP_Auto_All_260601,Amazon,미국,ENABLED,USD,$33.0,자동 타겟팅,동적 입찰액 - 감액 전용,3321,,103,,3.101%,$10.12,,$0.0982524,$0.0,25,2.25%,44.45,$449.86
"Jun 19, 2026",Monthly_ON,Sponsored Products,SP_Competitor_260601,Amazon,미국,ENABLED,USD,$8.0,수동 타겟팅,동적 입찰액 - 감액 전용,241,,0,,0.0%,$0.0,,$0.0,$0.0,0,0.0%,0.0,$0.0
"Jun 20, 2026",Monthly_ON,Sponsored Products,SP_Auto_New_260601,Amazon,미국,PAUSED,USD,$20.1,자동 타겟팅,동적 입찰액 - 감액 전용,66,,0,,0.0%,$0.0,,$0.0,$0.0,0,0.0%,0.0,$0.0
"Jun 20, 2026",Monthly_ON,Sponsored Products,SP_Defence_260601,Amazon,미국,PAUSED,USD,$44.0,자동 타겟팅,동적 입찰액 - 감액 전용,26445,,241,,0.911%,$43.63,,$0.18103729999999998,$0.0,23,15.065999999999999%,6.64,$289.59
"Jun 20, 2026",Monthly_ON,Sponsored Products,SP_Auto_All_260601,Amazon,미국,ENABLED,USD,$33.0,자동 타겟팅,동적 입찰액 - 감액 전용,4702,,134,,2.85%,$13.28,,$0.09910450000000001,$0.0,21,4.9799999999999995%,20.08,$266.68
"Jun 20, 2026",Monthly_ON,Sponsored Products,SP_Competitor_260601,Amazon,미국,ENABLED,USD,$8.0,수동 타겟팅,동적 입찰액 - 감액 전용,216,,4,,1.8519999999999999%,$0.75,,$0.1875,$0.0,0,0.0%,0.0,$0.0
"Jun 20, 2026",Monthly_ON,Sponsored Products,SP_Keyword_260601,Amazon,미국,ENABLED,USD,$42.0,수동 타겟팅,동적 입찰액 - 감액 전용,7605,,169,,2.222%,$51.87,,$0.3069231,$0.0,42,11.218%,8.91,$462.4
"Jun 21, 2026",Monthly_ON,Sponsored Products,SP_Competitor_260601,Amazon,미국,ENABLED,USD,$8.0,수동 타겟팅,동적 입찰액 - 감액 전용,156,,4,,2.564%,$0.8,,$0.2,$0.0,1,4.02%,24.87,$19.9
"Jun 21, 2026",Monthly_ON,Sponsored Products,SP_Auto_New_260601,Amazon,미국,PAUSED,USD,$20.1,자동 타겟팅,동적 입찰액 - 감액 전용,71,,1,,1.4080000000000001%,$0.1,,$0.1,$0.0,0,0.0%,0.0,$0.0
"Jun 21, 2026",Monthly_ON,Sponsored Products,SP_Defence_260601,Amazon,미국,PAUSED,USD,$44.0,자동 타겟팅,동적 입찰액 - 감액 전용,22050,,257,,1.166%,$47.31,,$0.18408560000000002,$0.0,27,15.567%,6.42,$303.91
"Jun 21, 2026",Monthly_ON,Sponsored Products,SP_Keyword_260601,Amazon,미국,ENABLED,USD,$42.0,수동 타겟팅,동적 입찰액 - 감액 전용,5128,,125,,2.4379999999999997%,$37.69,,$0.30152,$0.0,30,8.465%,11.81,$445.26
"Jun 21, 2026",Monthly_ON,Sponsored Products,SP_Auto_All_260601,Amazon,미국,ENABLED,USD,$33.0,자동 타겟팅,동적 입찰액 - 감액 전용,3620,,115,,3.177%,$11.67,,$0.10147830000000001,$0.0,13,6.552%,15.26,$178.1
"Jun 22, 2026",Monthly_ON,Sponsored Products,SP_Auto_All_260601,Amazon,미국,ENABLED,USD,$33.0,자동 타겟팅,동적 입찰액 - 감액 전용,36672,,286,,0.7799999999999999%,$175.32,,$0.613007,$0.0,33,39.864%,2.51,$439.8
"Jun 22, 2026",Monthly_ON,Sponsored Products,SP_Auto_New_260601,Amazon,미국,PAUSED,USD,$20.1,자동 타겟팅,동적 입찰액 - 감액 전용,548,,4,,0.73%,$4.54,,$1.135,$0.0,0,0.0%,0.0,$0.0
"Jun 22, 2026",Monthly_ON,Sponsored Products,SP_Keyword_260601,Amazon,미국,ENABLED,USD,$42.0,수동 타겟팅,동적 입찰액 - 감액 전용,7788,,128,,1.644%,$55.02,,$0.4298438,$0.0,29,11.543000000000001%,8.66,$476.64
"Jun 22, 2026",Monthly_ON,Sponsored Products,SP_MIX_DFC_260204_260601,Amazon,미국,ENABLED,USD,$41.0,수동 타겟팅,동적 입찰액 - 감액 전용,1749,,36,,2.0580000000000003%,$10.08,,$0.28,$0.0,7,12.519%,7.99,$80.52
"Jun 22, 2026",Monthly_ON,Sponsored Products,SP_Defence_260601,Amazon,미국,PAUSED,USD,$44.0,자동 타겟팅,동적 입찰액 - 감액 전용,892,,13,,1.4569999999999999%,$2.39,,$0.18384620000000002,$0.0,2,8.951%,11.17,$26.7
"Jun 22, 2026",Monthly_ON,Sponsored Products,SP_Competitor_260601,Amazon,미국,ENABLED,USD,$8.0,수동 타겟팅,동적 입찰액 - 감액 전용,516,,15,,2.907%,$2.93,,$0.1953333,$0.0,1,32.921%,3.04,$8.9
"Jun 23, 2026",Monthly_ON,Sponsored Products,SP_Keyword_260601,Amazon,미국,ENABLED,USD,$42.0,수동 타겟팅,동적 입찰액 - 감액 전용,63215,,599,,0.9480000000000001%,$937.44,,$1.5650083000000001,$0.0,215,27.064%,3.69,$3463.8
"Jun 23, 2026",Monthly_ON,Sponsored Products,SP_MIX_DFC_260204_260601,Amazon,미국,ENABLED,USD,$41.0,수동 타겟팅,동적 입찰액 - 감액 전용,35774,,417,,1.166%,$467.41,,$1.1208873,$0.0,107,36.638999999999996%,2.73,$1275.71
"Jun 23, 2026",Monthly_ON,Sponsored Products,SP_Auto_All_260601,Amazon,미국,ENABLED,USD,$33.0,자동 타겟팅,동적 입찰액 - 감액 전용,1096657,,7177,,0.654%,$8774.76,,$1.2226223,$0.0,987,66.475%,1.5,$13200.06
"Jun 23, 2026",Monthly_ON,Sponsored Products,SP_Auto_New_260601,Amazon,미국,PAUSED,USD,$20.1,자동 타겟팅,동적 입찰액 - 감액 전용,15514,,130,,0.8380000000000001%,$183.89,,$1.4145385,$0.0,24,39.232%,2.55,$468.73
"Jun 23, 2026",Monthly_ON,Sponsored Products,SP_Competitor_260601,Amazon,미국,ENABLED,USD,$8.0,수동 타겟팅,동적 입찰액 - 감액 전용,196,,5,,2.551%,$0.92,,$0.184,$0.0,3,2.666%,37.51,$34.51
"Jun 24, 2026",Monthly_ON,Sponsored Products,SP_Keyword_260601,Amazon,미국,ENABLED,USD,$42.0,수동 타겟팅,동적 입찰액 - 감액 전용,22762,,364,,1.599%,$453.04,,$1.2446154,$0.0,94,31.879999999999995%,3.14,$1421.1
"Jun 24, 2026",Monthly_ON,Sponsored Products,SP_Auto_New_260601,Amazon,미국,PAUSED,USD,$20.1,자동 타겟팅,동적 입찰액 - 감액 전용,10552,,89,,0.843%,$115.01,,$1.2922471999999998,$0.0,17,49.846000000000004%,2.01,$230.73
"Jun 24, 2026",Monthly_ON,Sponsored Products,SP_MIX_DFC_260204_260601,Amazon,미국,ENABLED,USD,$41.0,수동 타겟팅,동적 입찰액 - 감액 전용,92320,,542,,0.587%,$638.45,,$1.1779519999999999,$0.0,117,42.049%,2.38,$1518.36
"Jun 24, 2026",Monthly_ON,Sponsored Products,SP_Competitor_260601,Amazon,미국,ENABLED,USD,$8.0,수동 타겟팅,동적 입찰액 - 감액 전용,110,,2,,1.818%,$1.55,,$0.775,$0.0,2,4.181%,23.92,$37.07
"Jun 24, 2026",Monthly_ON,Sponsored Products,SP_Auto_All_260601,Amazon,미국,ENABLED,USD,$33.0,자동 타겟팅,동적 입찰액 - 감액 전용,641161,,3096,,0.483%,$5172.26,,$1.6706265999999999,$0.0,530,72.178%,1.39,$7165.99
"Jun 25, 2026",Monthly_ON,Sponsored Products,SP_Keyword_260601,Amazon,미국,ENABLED,USD,$42.0,수동 타겟팅,동적 입찰액 - 감액 전용,29562,,268,,0.907%,$397.47,,$1.4830969999999999,$0.0,48,56.220000000000006%,1.78,$706.99
"Jun 25, 2026",Monthly_ON,Sponsored Products,SP_MIX_DFC_260204_260601,Amazon,미국,ENABLED,USD,$41.0,수동 타겟팅,동적 입찰액 - 감액 전용,16194,,221,,1.365%,$251.09,,$1.1361538,$0.0,34,62.643%,1.6,$400.83
"Jun 25, 2026",Monthly_ON,Sponsored Products,SP_Auto_New_260601,Amazon,미국,PAUSED,USD,$20.1,자동 타겟팅,동적 입찰액 - 감액 전용,1284,,15,,1.168%,$25.78,,$1.7186667,$0.0,5,27.338%,3.66,$94.3
"Jun 25, 2026",Monthly_ON,Sponsored Products,SP_Auto_All_260601,Amazon,미국,ENABLED,USD,$33.0,자동 타겟팅,동적 입찰액 - 감액 전용,435645,,2422,,0.5559999999999999%,$2580.49,,$1.0654377,$0.0,378,51.696%,1.93,$4991.68
"Jun 25, 2026",Monthly_ON,Sponsored Products,SP_Competitor_260601,Amazon,미국,ENABLED,USD,$8.0,수동 타겟팅,동적 입찰액 - 감액 전용,12428,,42,,0.338%,$47.16,,$1.1228571,$0.0,7,63.55800000000001%,1.57,$74.2
"Jun 26, 2026",Monthly_ON,Sponsored Products,SP_Keyword_260601,Amazon,미국,ENABLED,USD,$42.0,수동 타겟팅,동적 입찰액 - 감액 전용,188855,,1008,,0.534%,$2233.05,,$2.2153274,$0.0,217,73.26700000000001%,1.36,$3047.83
"Jun 26, 2026",Monthly_ON,Sponsored Products,SP_Auto_All_260601,Amazon,미국,ENABLED,USD,$33.0,자동 타겟팅,동적 입찰액 - 감액 전용,1830987,,4970,,0.271%,$8600.5,,$1.7304829000000002,$0.0,708,85.64399999999999%,1.17,$10042.16
"Jun 26, 2026",Monthly_ON,Sponsored Products,SP_Competitor_260601,Amazon,미국,ENABLED,USD,$8.0,수동 타겟팅,동적 입찰액 - 감액 전용,5272,,43,,0.8160000000000001%,$67.81,,$1.5769767,$0.0,6,118.34199999999998%,0.85,$57.3
"Jun 26, 2026",Monthly_ON,Sponsored Products,SP_MIX_DFC_260204_260601,Amazon,미국,ENABLED,USD,$41.0,수동 타겟팅,동적 입찰액 - 감액 전용,274003,,1113,,0.406%,$1904.0,,$1.7106918,$0.0,193,66.141%,1.51,$2878.69
"Jun 26, 2026",Monthly_ON,Sponsored Products,SP_Auto_New_260601,Amazon,미국,PAUSED,USD,$20.1,자동 타겟팅,동적 입찰액 - 감액 전용,2371,,10,,0.422%,$21.96,,$2.1959999999999997,$0.0,0,0.0%,0.0,$0.0
"Jun 27, 2026",Monthly_ON,Sponsored Products,SP_MIX_DFC_260204_260601,Amazon,미국,ENABLED,USD,$41.0,수동 타겟팅,동적 입찰액 - 감액 전용,319,,3,,0.9400000000000001%,$3.2,,$1.0666666999999999,$0.0,0,0.0%,0.0,$0.0
"Jun 27, 2026",Monthly_ON,Sponsored Products,SP_Keyword_260601,Amazon,미국,ENABLED,USD,$42.0,수동 타겟팅,동적 입찰액 - 감액 전용,611,,1,,0.164%,$1.05,,$1.05,$0.0,0,0.0%,0.0,$0.0
"Jun 27, 2026",Monthly_ON,Sponsored Products,SP_Auto_All_260601,Amazon,미국,ENABLED,USD,$33.0,자동 타겟팅,동적 입찰액 - 감액 전용,2,,6,,300.0%,$9.18,,$1.53,$0.0,0,0.0%,0.0,$0.0
"Jun 28, 2026",Monthly_ON,Sponsored Products,SP_Auto_All_260601,Amazon,미국,ENABLED,USD,$33.0,자동 타겟팅,동적 입찰액 - 감액 전용,0,,1,,0.0%,$1.33,,$1.33,$0.0,0,0.0%,0.0,$0.0
"Jun 28, 2026",Monthly_ON,Sponsored Products,SP_Keyword_260601,Amazon,미국,ENABLED,USD,$42.0,수동 타겟팅,동적 입찰액 - 감액 전용,0,,0,,0.0%,$0.0,,$0.0,$0.0,0,0.0%,0.0,$0.0
"Jul 01, 2026",Monthly_ON,Sponsored Products,SP_Keyword_260601,Amazon,미국,ENABLED,USD,$42.0,수동 타겟팅,동적 입찰액 - 감액 전용,3183,,31,,0.9740000000000001%,$40.79,,$1.3158064999999999,$0.0,4,78.745%,1.27,$51.8
"Jul 01, 2026",Monthly_ON,Sponsored Products,SP_Competitor_260601,Amazon,미국,ENABLED,USD,$8.0,수동 타겟팅,동적 입찰액 - 감액 전용,481,,16,,3.3259999999999996%,$8.14,,$0.50875,$0.0,4,14.613999999999999%,6.84,$55.7
"Jul 01, 2026",Monthly_ON,Sponsored Products,SP_Auto_All_260601,Amazon,미국,ENABLED,USD,$33.0,자동 타겟팅,동적 입찰액 - 감액 전용,3914,,25,,0.639%,$34.1,,$1.364,$0.0,5,50.971999999999994%,1.96,$66.9
"Jul 01, 2026",Monthly_ON,Sponsored Products,SP_Defence_260601,Amazon,미국,PAUSED,USD,$44.0,자동 타겟팅,동적 입찰액 - 감액 전용,10508,,59,,0.561%,$44.73,,$0.7581355999999999,$0.0,2,257.069%,0.39,$17.4
"Jul 02, 2026",Monthly_ON,Sponsored Products,SP_Auto_All_260601,Amazon,미국,ENABLED,USD,$33.0,자동 타겟팅,동적 입찰액 - 감액 전용,7719,,54,,0.7000000000000001%,$33.06,,$0.6122222,$0.0,6,29.892000000000003%,3.35,$110.6
"Jul 02, 2026",Monthly_ON,Sponsored Products,SP_Competitor_260601,Amazon,미국,ENABLED,USD,$8.0,수동 타겟팅,동적 입찰액 - 감액 전용,397,,4,,1.008%,$1.19,,$0.2975,$0.0,0,0.0%,0.0,$0.0
"Jul 02, 2026",Monthly_ON,Sponsored Products,SP_Keyword_260601,Amazon,미국,ENABLED,USD,$42.0,수동 타겟팅,동적 입찰액 - 감액 전용,5917,,99,,1.6729999999999998%,$35.4,,$0.3575758,$0.0,10,24.213%,4.13,$146.2
"Jul 02, 2026",Monthly_ON,Sponsored Products,SP_MIX_DFC_260204_260601,Amazon,미국,ENABLED,USD,$41.0,수동 타겟팅,동적 입찰액 - 감액 전용,69,,2,,2.899%,$1.84,,$0.92,$0.0,0,0.0%,0.0,$0.0
"Jul 03, 2026",Monthly_ON,Sponsored Products,SP_Keyword_260601,Amazon,미국,ENABLED,USD,$42.0,수동 타겟팅,동적 입찰액 - 감액 전용,6536,,89,,1.362%,$31.73,,$0.3565169,$0.0,20,9.991%,10.01,$317.6
"Jul 03, 2026",Monthly_ON,Sponsored Products,SP_MIX_DFC_260204_260601,Amazon,미국,ENABLED,USD,$41.0,수동 타겟팅,동적 입찰액 - 감액 전용,2747,,92,,3.3489999999999998%,$52.13,,$0.5666304,$0.0,9,38.218%,2.62,$136.4
"Jul 03, 2026",Monthly_ON,Sponsored Products,SP_Competitor_260601,Amazon,미국,ENABLED,USD,$8.0,수동 타겟팅,동적 입찰액 - 감액 전용,331,,10,,3.021%,$2.94,,$0.294,$0.0,0,0.0%,0.0,$0.0
"Jul 03, 2026",Monthly_ON,Sponsored Products,SP_Auto_All_260601,Amazon,미국,ENABLED,USD,$33.0,자동 타겟팅,동적 입찰액 - 감액 전용,6485,,52,,0.8019999999999999%,$14.0,,$0.2692308,$0.0,6,11.058%,9.04,$126.6
"Jul 04, 2026",Monthly_ON,Sponsored Products,SP_Auto_All_260601,Amazon,미국,ENABLED,USD,$33.0,자동 타겟팅,동적 입찰액 - 감액 전용,5571,,52,,0.9329999999999999%,$14.04,,$0.27,$0.0,4,22.682%,4.41,$61.9
"Jul 04, 2026",Monthly_ON,Sponsored Products,SP_Keyword_260601,Amazon,미국,ENABLED,USD,$42.0,수동 타겟팅,동적 입찰액 - 감액 전용,5957,,112,,1.8800000000000001%,$39.25,,$0.3504464,$0.0,15,24.516%,4.08,$160.1
"Jul 04, 2026",Monthly_ON,Sponsored Products,SP_MIX_DFC_260204_260601,Amazon,미국,ENABLED,USD,$41.0,수동 타겟팅,동적 입찰액 - 감액 전용,3076,,119,,3.869%,$69.71,,$0.5857983,$0.0,20,21.86%,4.57,$318.9
"Jul 04, 2026",Monthly_ON,Sponsored Products,SP_Competitor_260601,Amazon,미국,ENABLED,USD,$8.0,수동 타겟팅,동적 입찰액 - 감액 전용,342,,7,,2.0469999999999997%,$1.84,,$0.2628571,$0.0,0,0.0%,0.0,$0.0
"Jul 05, 2026",Monthly_ON,Sponsored Products,SP_Auto_All_260601,Amazon,미국,ENABLED,USD,$33.0,자동 타겟팅,동적 입찰액 - 감액 전용,6069,,57,,0.9390000000000001%,$14.04,,$0.2463158,$0.0,9,9.385%,10.66,$149.6
"Jul 05, 2026",Monthly_ON,Sponsored Products,SP_Competitor_260601,Amazon,미국,ENABLED,USD,$8.0,수동 타겟팅,동적 입찰액 - 감액 전용,382,,7,,1.8319999999999999%,$1.88,,$0.2685714,$0.0,1,14.462%,6.91,$13.0
"Jul 05, 2026",Monthly_ON,Sponsored Products,SP_MIX_DFC_260204_260601,Amazon,미국,ENABLED,USD,$41.0,수동 타겟팅,동적 입찰액 - 감액 전용,3346,,128,,3.8249999999999997%,$82.11,,$0.6414844,$0.0,26,21.359%,4.68,$384.42
"Jul 05, 2026",Monthly_ON,Sponsored Products,SP_Keyword_260601,Amazon,미국,ENABLED,USD,$42.0,수동 타겟팅,동적 입찰액 - 감액 전용,6695,,153,,2.2849999999999997%,$53.42,,$0.3491503,$0.0,19,19.625%,5.1,$272.2
"Jul 06, 2026",Monthly_ON,Sponsored Products,SP_Keyword_260601,Amazon,미국,ENABLED,USD,$42.0,수동 타겟팅,동적 입찰액 - 감액 전용,6351,,110,,1.7319999999999998%,$40.76,,$0.37054549999999997,$0.0,14,20.421%,4.9,$199.6
"Jul 06, 2026",Monthly_ON,Sponsored Products,SP_Competitor_260601,Amazon,미국,ENABLED,USD,$8.0,수동 타겟팅,동적 입찰액 - 감액 전용,320,,5,,1.5630000000000002%,$1.26,,$0.252,$0.0,1,6.192%,16.15,$20.35
"Jul 06, 2026",Monthly_ON,Sponsored Products,SP_Auto_All_260601,Amazon,미국,ENABLED,USD,$33.0,자동 타겟팅,동적 입찰액 - 감액 전용,6486,,71,,1.095%,$17.27,,$0.2432394,$0.0,10,10.587%,9.45,$163.12
"Jul 06, 2026",Monthly_ON,Sponsored Products,SP_MIX_DFC_260204_260601,Amazon,미국,ENABLED,USD,$41.0,수동 타겟팅,동적 입찰액 - 감액 전용,3898,,115,,2.9499999999999997%,$65.14,,$0.5664348,$0.0,21,21.361%,4.68,$304.95
"Jul 07, 2026",Monthly_ON,Sponsored Products,SP_Auto_All_260601,Amazon,미국,ENABLED,USD,$33.0,자동 타겟팅,동적 입찰액 - 감액 전용,7422,,115,,1.549%,$34.83,,$0.3028696,$0.0,20,11.268%,8.87,$309.1
"Jul 07, 2026",Monthly_ON,Sponsored Products,SP_MIX_DFC_260204_260601,Amazon,미국,ENABLED,USD,$41.0,수동 타겟팅,동적 입찰액 - 감액 전용,4127,,131,,3.174%,$81.72,,$0.6238168000000001,$0.0,19,25.682%,3.89,$318.2
"Jul 07, 2026",Monthly_ON,Sponsored Products,SP_Keyword_260601,Amazon,미국,ENABLED,USD,$42.0,수동 타겟팅,동적 입찰액 - 감액 전용,7246,,172,,2.374%,$60.6,,$0.3523256,$0.0,17,25.093%,3.99,$241.5
"Jul 07, 2026",Monthly_ON,Sponsored Products,SP_Competitor_260601,Amazon,미국,ENABLED,USD,$8.0,수동 타겟팅,동적 입찰액 - 감액 전용,354,,16,,4.52%,$6.7,,$0.41875,$0.0,2,22.408%,4.46,$29.9
"Jul 08, 2026",Monthly_ON,Sponsored Products,SP_Keyword_260601,Amazon,미국,ENABLED,USD,$42.0,수동 타겟팅,동적 입찰액 - 감액 전용,6018,,105,,1.745%,$39.7,,$0.37809519999999996,$0.0,2,94.976%,1.05,$41.8
"Jul 08, 2026",Monthly_ON,Sponsored Products,SP_Auto_All_260601,Amazon,미국,ENABLED,USD,$33.0,자동 타겟팅,동적 입찰액 - 감액 전용,5753,,72,,1.252%,$26.11,,$0.36263890000000004,$0.0,10,14.618999999999998%,6.84,$178.6
"Jul 08, 2026",Monthly_ON,Sponsored Products,SP_MIX_DFC_260204_260601,Amazon,미국,ENABLED,USD,$41.0,수동 타겟팅,동적 입찰액 - 감액 전용,2219,,59,,2.659%,$27.68,,$0.46915250000000003,$0.0,16,11.342%,8.82,$244.05
"Jul 08, 2026",Monthly_ON,Sponsored Products,SP_Competitor_260601,Amazon,미국,ENABLED,USD,$8.0,수동 타겟팅,동적 입찰액 - 감액 전용,356,,10,,2.809%,$4.71,,$0.47100000000000003,$0.0,4,6.926%,14.44,$68.0
